{"materials":[{"id":"940","path":"Resources/unity_builtin_extra\\Default-Terrain-Standard","assetBundleId":"-2","data":["Default-Terrain-Standard",0,"270",1900,1,[],[["_Color",1,1,1,1]],[["_MainTex_ST",1,1,0,0],["_TerrainHolesTexture_ST",1,1,0,0]],[["_MainTex",null,null],["_TerrainHolesTexture",null,null]],[]]},{"id":"950","path":"Resources/unity_builtin_extra\\Default-Material","assetBundleId":"-2","data":["Default-Material",0,"64",2000,0,[["_Cutoff",0.5],["_Glossiness",0.5],["_GlossMapScale",1],["_SmoothnessTextureChannel",0],["_Metallic",0],["_SpecularHighlights",1],["_GlossyReflections",1],["_BumpScale",1],["_Parallax",0.0199999995529652],["_OcclusionStrength",1],["_DetailNormalMapScale",1],["_UVSec",0],["_Mode",0],["_SrcBlend",1],["_DstBlend",0],["_ZWrite",1]],[["_Color",1,1,1,1],["_EmissionColor",0,0,0,0.999999940395355]],[["_MainTex_ST",1,1,0,0],["_MetallicGlossMap_ST",1,1,0,0],["_BumpMap_ST",1,1,0,0],["_ParallaxMap_ST",1,1,0,0],["_OcclusionMap_ST",1,1,0,0],["_EmissionMap_ST",1,1,0,0],["_DetailMask_ST",1,1,0,0],["_DetailAlbedoMap_ST",1,1,0,0],["_DetailNormalMap_ST",1,1,0,0]],[["_MainTex",null,null],["_MetallicGlossMap",null,null],["_BumpMap",null,null],["_ParallaxMap",null,null],["_OcclusionMap",null,null],["_EmissionMap",null,null],["_DetailMask",null,null],["_DetailAlbedoMap",null,null],["_DetailNormalMap",null,null]],[]]},{"id":"952","path":"Resources/unity_builtin_extra\\Default-Skybox","assetBundleId":"-2","data":["Default-Skybox",0,"150",1000,0,[["_SunDisk",1],["_SunSize",0.0399999991059303],["_SunSizeConvergence",5],["_AtmosphereThickness",1],["_Exposure",1.29999995231628]],[["_SkyTint",0.5,0.5,0.5,1],["_GroundColor",0.368999987840652,0.349000006914139,0.340999990701675,1]],[],[],[["_SUNDISK_SIMPLE",1]]]}],"shaders":[{"id":"178","assetBundleId":"-2","data":[["Hidden/Nature/Terrain/Utilities: Tags: \n","Hidden/Nature/Terrain/Utilities: Tags: \n"],"Hidden/Nature/Terrain/Utilities","0000000000000000f000000000000000",[],[[0,0,"Picking",0,0,[4,null],[1,null],[2,null],[[1,null],[0,null],[0,null]],[[1,null],[0,null],[0,null]],[15,null],[0,null],[0,null],[0,null],[255,null],[255,null],[[0,null],[0,null],[0,null],[8,null]],[[0,null],[0,null],[0,null],[8,null]],[[0,null],[0,null],[0,null],[8,null]],[],[],[],[],0],[0,0,"Picking",0,0,[4,null],[1,null],[2,null],[[1,null],[0,null],[0,null]],[[1,null],[0,null],[0,null]],[15,null],[0,null],[0,null],[0,null],[255,null],[255,null],[[0,null],[0,null],[0,null],[8,null]],[[0,null],[0,null],[0,null],[8,null]],[[0,null],[0,null],[0,null],[8,null]],[],[],[],[],0]],[],[],null,null,0,0]},{"id":"242","assetBundleId":"-2","data":[["Hidden/Nature/Tree Creator Bark Rendertex: Tags: \n"],"Hidden/Nature/Tree Creator Bark Rendertex","0000000000000000f000000000000000",[],[[0,0,"",0,0,[4,null],[1,null],[2,null],[[1,null],[0,null],[0,null]],[[1,null],[0,null],[0,null]],[15,null],[0,null],[0,null],[0,null],[255,null],[255,null],[[0,null],[0,null],[0,null],[8,null]],[[0,null],[0,null],[0,null],[8,null]],[[0,null],[0,null],[0,null],[8,null]],[],[],[],[],0]],[],[["_MainTex",4,0,0,0,0,"white"],["_BumpSpecMap",4,0,0,0,0,"bump"],["_TranslucencyMap",4,0,0,0,0,"white"],["_SpecColor",0,0.5,0.5,0.5,1,""]],null,null,0,0]},{"id":"196","assetBundleId":"-2","data":[["Nature/Terrain/Diffuse: Tags: \"LIGHTMODE\"=\"FORWARDBASE\" \"QUEUE\"=\"Geometry-99\" \"SHADOWSUPPORT\"=\"true\" \"RENDERTYPE\"=\"Opaque\"\n","Nature/Terrain/Diffuse: Tags: \"LIGHTMODE\"=\"FORWARDADD\" \"QUEUE\"=\"Geometry-99\" \"SHADOWSUPPORT\"=\"true\" \"RENDERTYPE\"=\"Opaque\"\n","Nature/Terrain/Diffuse: Tags: \"LIGHTMODE\"=\"SHADOWCASTER\" \"QUEUE\"=\"Geometry-99\" \"SHADOWSUPPORT\"=\"true\" \"RENDERTYPE\"=\"Opaque\"\n"],"Nature/Terrain/Diffuse","0000000000000000f000000000000000",["DIRECTIONAL","SHADOWS_SCREEN","LIGHTMAP_ON","DIRLIGHTMAP_COMBINED","LIGHTPROBE_SH","FOG_LINEAR","FOG_EXP","FOG_EXP2","VERTEXLIGHT_ON","_NORMALMAP","_ALPHATEST_ON","SPOT","DIRECTIONAL_COOKIE","POINT","POINT_COOKIE","SHADOWS_DEPTH"],[[0,0,"FORWARD",4,0,[4,null],[1,null],[2,null],[[1,null],[0,null],[0,null]],[[1,null],[0,null],[0,null]],[15,null],[0,null],[0,null],[0,null],[255,null],[255,null],[[0,null],[0,null],[0,null],[8,null]],[[0,null],[0,null],[0,null],[8,null]],[[0,null],[0,null],[0,null],[8,null]],[["LIGHTMODE","FORWARDBASE"],["QUEUE","Geometry-99"],["SHADOWSUPPORT","true"],["RENDERTYPE","Opaque"]],["DIRECTIONAL","SHADOWS_SCREEN","LIGHTMAP_ON","DIRLIGHTMAP_COMBINED","DYNAMICLIGHTMAP_ON","LIGHTMAP_SHADOW_MIXING","SHADOWS_SHADOWMASK","LIGHTPROBE_SH","FOG_LINEAR","FOG_EXP","FOG_EXP2","VERTEXLIGHT_ON","INSTANCING_ON","_NORMALMAP","_ALPHATEST_ON"],[],[],0],[1,0,"FORWARD",5,0,[4,null],[0,null],[2,null],[[1,null],[1,null],[0,null]],[[1,null],[1,null],[0,null]],[15,null],[0,null],[0,null],[0,null],[255,null],[255,null],[[0,null],[0,null],[0,null],[8,null]],[[0,null],[0,null],[0,null],[8,null]],[[0,null],[0,null],[0,null],[8,null]],[["LIGHTMODE","FORWARDADD"],["QUEUE","Geometry-99"],["SHADOWSUPPORT","true"],["RENDERTYPE","Opaque"]],["SPOT","DIRECTIONAL","DIRECTIONAL_COOKIE","POINT","POINT_COOKIE","SHADOWS_DEPTH","SHADOWS_SCREEN","SHADOWS_CUBE","SHADOWS_SOFT","LIGHTMAP_SHADOW_MIXING","SHADOWS_SHADOWMASK","FOG_LINEAR","FOG_EXP","FOG_EXP2","INSTANCING_ON","_NORMALMAP","_ALPHATEST_ON"],[],[],0],[5,0,"ShadowCaster",8,0,[4,null],[1,null],[2,null],[[1,null],[0,null],[0,null]],[[1,null],[0,null],[0,null]],[15,null],[0,null],[0,null],[0,null],[255,null],[255,null],[[0,null],[0,null],[0,null],[8,null]],[[0,null],[0,null],[0,null],[8,null]],[[0,null],[0,null],[0,null],[8,null]],[["LIGHTMODE","SHADOWCASTER"],["QUEUE","Geometry-99"],["SHADOWSUPPORT","true"],["RENDERTYPE","Opaque"]],["SHADOWS_DEPTH","SHADOWS_CUBE","INSTANCING_ON","_NORMALMAP","_ALPHATEST_ON"],[],[],0],[6,0,"",0,1,[0,null],[0,null],[0,null],[[1,null],[0,null],[0,null]],[[1,null],[0,null],[0,null]],[15,null],[0,null],[0,null],[0,null],[0,null],[0,null],[[0,null],[0,null],[0,null],[0,null]],[[0,null],[0,null],[0,null],[0,null]],[[0,null],[0,null],[0,null],[0,null]],[],[],[],[],0],[7,0,"",0,1,[0,null],[0,null],[0,null],[[1,null],[0,null],[0,null]],[[1,null],[0,null],[0,null]],[15,null],[0,null],[0,null],[0,null],[0,null],[0,null],[[0,null],[0,null],[0,null],[0,null]],[[0,null],[0,null],[0,null],[0,null]],[[0,null],[0,null],[0,null],[0,null]],[],[],[],[],0]],[[0,"178","PICKING"],[0,"178","SELECTION"]],[["_MainTex",4,0,0,0,0,"white"],["_Color",0,1,1,1,1,""],["_TerrainHolesTexture",4,0,0,0,0,"white"]],0,"20",0,0]},{"id":"264","assetBundleId":"-2","data":[["Hidden/TerrainEngine/Splatmap/Standard-AddPass: Tags: \"LIGHTMODE\"=\"FORWARDBASE\" \"QUEUE\"=\"Geometry-99\" \"IGNOREPROJECTOR\"=\"true\" \"SHADOWSUPPORT\"=\"true\" \"RENDERTYPE\"=\"Opaque\"\n","Hidden/TerrainEngine/Splatmap/Standard-AddPass: Tags: \"LIGHTMODE\"=\"FORWARDADD\" \"QUEUE\"=\"Geometry-99\" \"IGNOREPROJECTOR\"=\"true\" \"SHADOWSUPPORT\"=\"true\" \"RENDERTYPE\"=\"Opaque\"\n"],"Hidden/TerrainEngine/Splatmap/Standard-AddPass","0000000000000000f000000000000000",["DIRECTIONAL","SHADOWS_SCREEN","LIGHTMAP_ON","DIRLIGHTMAP_COMBINED","LIGHTPROBE_SH","FOG_LINEAR","FOG_EXP","FOG_EXP2","VERTEXLIGHT_ON","_NORMALMAP","_ALPHATEST_ON","SPOT","DIRECTIONAL_COOKIE","POINT","POINT_COOKIE","SHADOWS_DEPTH"],[[0,0,"FORWARD",4,0,[4,null],[0,null],[2,null],[[1,null],[1,null],[0,null]],[[1,null],[1,null],[0,null]],[15,null],[0,null],[0,null],[0,null],[255,null],[255,null],[[0,null],[0,null],[0,null],[8,null]],[[0,null],[0,null],[0,null],[8,null]],[[0,null],[0,null],[0,null],[8,null]],[["LIGHTMODE","FORWARDBASE"],["QUEUE","Geometry-99"],["IGNOREPROJECTOR","true"],["SHADOWSUPPORT","true"],["RENDERTYPE","Opaque"]],["DIRECTIONAL","SHADOWS_SCREEN","LIGHTMAP_ON","DIRLIGHTMAP_COMBINED","DYNAMICLIGHTMAP_ON","LIGHTMAP_SHADOW_MIXING","SHADOWS_SHADOWMASK","LIGHTPROBE_SH","FOG_LINEAR","FOG_EXP","FOG_EXP2","VERTEXLIGHT_ON","INSTANCING_ON","_NORMALMAP","_ALPHATEST_ON"],[],[],0],[1,0,"FORWARD",5,0,[4,null],[0,null],[2,null],[[1,null],[1,null],[0,null]],[[1,null],[1,null],[0,null]],[15,null],[0,null],[0,null],[0,null],[255,null],[255,null],[[0,null],[0,null],[0,null],[8,null]],[[0,null],[0,null],[0,null],[8,null]],[[0,null],[0,null],[0,null],[8,null]],[["LIGHTMODE","FORWARDADD"],["QUEUE","Geometry-99"],["IGNOREPROJECTOR","true"],["SHADOWSUPPORT","true"],["RENDERTYPE","Opaque"]],["SPOT","DIRECTIONAL","DIRECTIONAL_COOKIE","POINT","POINT_COOKIE","SHADOWS_DEPTH","SHADOWS_SCREEN","SHADOWS_CUBE","SHADOWS_SOFT","LIGHTMAP_SHADOW_MIXING","SHADOWS_SHADOWMASK","FOG_LINEAR","FOG_EXP","FOG_EXP2","INSTANCING_ON","_NORMALMAP","_ALPHATEST_ON"],[],[],0]],[],[["_TerrainHolesTexture",4,0,0,0,0,"white"]],0,"194",0,0]},{"id":"244","assetBundleId":"-2","data":[["Hidden/Nature/Tree Creator Leaves Rendertex: Tags: \n"],"Hidden/Nature/Tree Creator Leaves Rendertex","0000000000000000f000000000000000",[],[[0,0,"",0,0,[4,null],[1,null],[2,null],[[1,null],[0,null],[0,null]],[[1,null],[0,null],[0,null]],[15,null],[0,null],[0,null],[0,null],[255,null],[255,null],[[0,null],[0,null],[0,null],[8,null]],[[0,null],[0,null],[0,null],[8,null]],[[0,null],[0,null],[0,null],[8,null]],[],[],[],[],0]],[],[["_TranslucencyColor",0,0.730000019073486,0.850000023841858,0.409999996423721,1,""],["_Cutoff",3,0.5,0,1,0,""],["_HalfOverCutoff",3,1,0,1,0,""],["_TranslucencyViewDependency",3,0.699999988079071,0,1,0,""],["_MainTex",4,0,0,0,0,"white"],["_BumpSpecMap",4,0,0,0,0,"bump"],["_TranslucencyMap",4,0,0,0,0,"white"]],null,null,0,0]},{"id":"160","assetBundleId":"-2","data":[[],"Legacy Shaders/Particles/Alpha Blended","0000000000000000f000000000000000",["FOG_LINEAR","FOG_EXP","FOG_EXP2"],[[0,0,"",0,0,[4,null],[0,null],[0,null],[[5,null],[10,null],[0,null]],[[5,null],[10,null],[0,null]],[14,null],[0,null],[0,null],[0,null],[255,null],[255,null],[[0,null],[0,null],[0,null],[8,null]],[[0,null],[0,null],[0,null],[8,null]],[[0,null],[0,null],[0,null],[8,null]],[["QUEUE","Transparent"],["IGNOREPROJECTOR","true"],["RENDERTYPE","Transparent"],["PREVIEWTYPE","Plane"]],["FOG_LINEAR","FOG_EXP","FOG_EXP2","SOFTPARTICLES_ON"],[[0,0,[],0,1,0]],[],0]],[],[["_TintColor",0,0.5,0.5,0.5,0.5,""],["_MainTex",4,0,0,0,0,"white"],["_InvFade",3,1,0.00999999977648258,3,0,""]],null,null,0,0]},{"id":"20","assetBundleId":"-2","data":[["Legacy Shaders/Diffuse: Tags: \"LIGHTMODE\"=\"FORWARDADD\" \"RENDERTYPE\"=\"Opaque\"\n"],"Legacy Shaders/Diffuse","0000000000000000f000000000000000",["DIRECTIONAL","SHADOWS_SCREEN","LIGHTMAP_ON","DIRLIGHTMAP_COMBINED","LIGHTPROBE_SH","FOG_LINEAR","FOG_EXP","FOG_EXP2","VERTEXLIGHT_ON","SPOT","DIRECTIONAL_COOKIE","POINT","POINT_COOKIE"],[[0,0,"FORWARD",4,0,[4,null],[1,null],[2,null],[[1,null],[0,null],[0,null]],[[1,null],[0,null],[0,null]],[15,null],[0,null],[0,null],[0,null],[255,null],[255,null],[[0,null],[0,null],[0,null],[8,null]],[[0,null],[0,null],[0,null],[8,null]],[[0,null],[0,null],[0,null],[8,null]],[["LIGHTMODE","FORWARDBASE"],["SHADOWSUPPORT","true"],["RENDERTYPE","Opaque"]],["DIRECTIONAL","SHADOWS_SCREEN","LIGHTMAP_ON","DIRLIGHTMAP_COMBINED","DYNAMICLIGHTMAP_ON","LIGHTMAP_SHADOW_MIXING","SHADOWS_SHADOWMASK","LIGHTPROBE_SH","FOG_LINEAR","FOG_EXP","FOG_EXP2","VERTEXLIGHT_ON","INSTANCING_ON"],[[0,0,["DIRECTIONAL","LIGHTPROBE_SH"],2,3,0]],[],0],[1,0,"FORWARD",5,0,[4,null],[0,null],[2,null],[[1,null],[1,null],[0,null]],[[1,null],[1,null],[0,null]],[15,null],[0,null],[0,null],[0,null],[255,null],[255,null],[[0,null],[0,null],[0,null],[8,null]],[[0,null],[0,null],[0,null],[8,null]],[[0,null],[0,null],[0,null],[8,null]],[["LIGHTMODE","FORWARDADD"],["RENDERTYPE","Opaque"]],["SPOT","DIRECTIONAL","DIRECTIONAL_COOKIE","POINT","POINT_COOKIE","FOG_LINEAR","FOG_EXP","FOG_EXP2"],[],[],0]],[],[["_Color",0,1,1,1,1,""],["_MainTex",4,0,0,0,0,"white"]],0,"68",0,0]},{"id":"266","assetBundleId":"-2","data":[["Hidden/TerrainEngine/Splatmap/Standard-Base: Tags: \"LIGHTMODE\"=\"FORWARDBASE\" \"QUEUE\"=\"Geometry-100\" \"SHADOWSUPPORT\"=\"true\" \"RENDERTYPE\"=\"Opaque\"\n","Hidden/TerrainEngine/Splatmap/Standard-Base: Tags: \"LIGHTMODE\"=\"FORWARDADD\" \"QUEUE\"=\"Geometry-100\" \"SHADOWSUPPORT\"=\"true\" \"RENDERTYPE\"=\"Opaque\"\n","Hidden/TerrainEngine/Splatmap/Standard-Base: Tags: \"LIGHTMODE\"=\"SHADOWCASTER\" \"QUEUE\"=\"Geometry-100\" \"SHADOWSUPPORT\"=\"true\" \"RENDERTYPE\"=\"Opaque\"\n"],"Hidden/TerrainEngine/Splatmap/Standard-Base","0000000000000000f000000000000000",["DIRECTIONAL","SHADOWS_SCREEN","LIGHTMAP_ON","DIRLIGHTMAP_COMBINED","LIGHTPROBE_SH","FOG_LINEAR","FOG_EXP","FOG_EXP2","VERTEXLIGHT_ON","_ALPHATEST_ON","SPOT","DIRECTIONAL_COOKIE","POINT","POINT_COOKIE","SHADOWS_DEPTH"],[[0,0,"FORWARD",4,0,[4,null],[1,null],[2,null],[[1,null],[0,null],[0,null]],[[1,null],[0,null],[0,null]],[15,null],[0,null],[0,null],[0,null],[255,null],[255,null],[[0,null],[0,null],[0,null],[8,null]],[[0,null],[0,null],[0,null],[8,null]],[[0,null],[0,null],[0,null],[8,null]],[["LIGHTMODE","FORWARDBASE"],["QUEUE","Geometry-100"],["SHADOWSUPPORT","true"],["RENDERTYPE","Opaque"]],["DIRECTIONAL","SHADOWS_SCREEN","LIGHTMAP_ON","DIRLIGHTMAP_COMBINED","DYNAMICLIGHTMAP_ON","LIGHTMAP_SHADOW_MIXING","SHADOWS_SHADOWMASK","LIGHTPROBE_SH","FOG_LINEAR","FOG_EXP","FOG_EXP2","VERTEXLIGHT_ON","INSTANCING_ON","_ALPHATEST_ON"],[],[],0],[1,0,"FORWARD",5,0,[4,null],[0,null],[2,null],[[1,null],[1,null],[0,null]],[[1,null],[1,null],[0,null]],[15,null],[0,null],[0,null],[0,null],[255,null],[255,null],[[0,null],[0,null],[0,null],[8,null]],[[0,null],[0,null],[0,null],[8,null]],[[0,null],[0,null],[0,null],[8,null]],[["LIGHTMODE","FORWARDADD"],["QUEUE","Geometry-100"],["SHADOWSUPPORT","true"],["RENDERTYPE","Opaque"]],["SPOT","DIRECTIONAL","DIRECTIONAL_COOKIE","POINT","POINT_COOKIE","SHADOWS_DEPTH","SHADOWS_SCREEN","SHADOWS_CUBE","SHADOWS_SOFT","LIGHTMAP_SHADOW_MIXING","SHADOWS_SHADOWMASK","FOG_LINEAR","FOG_EXP","FOG_EXP2","INSTANCING_ON","_ALPHATEST_ON"],[],[],0],[3,0,"ShadowCaster",8,0,[4,null],[1,null],[2,null],[[1,null],[0,null],[0,null]],[[1,null],[0,null],[0,null]],[15,null],[0,null],[0,null],[0,null],[255,null],[255,null],[[0,null],[0,null],[0,null],[8,null]],[[0,null],[0,null],[0,null],[8,null]],[[0,null],[0,null],[0,null],[8,null]],[["LIGHTMODE","SHADOWCASTER"],["QUEUE","Geometry-100"],["SHADOWSUPPORT","true"],["RENDERTYPE","Opaque"]],["SHADOWS_DEPTH","SHADOWS_CUBE","INSTANCING_ON","_ALPHATEST_ON"],[],[],0],[4,0,"",0,1,[0,null],[0,null],[0,null],[[1,null],[0,null],[0,null]],[[1,null],[0,null],[0,null]],[15,null],[0,null],[0,null],[0,null],[0,null],[0,null],[[0,null],[0,null],[0,null],[0,null]],[[0,null],[0,null],[0,null],[0,null]],[[0,null],[0,null],[0,null],[0,null]],[],[],[],[],0],[5,0,"",0,1,[0,null],[0,null],[0,null],[[1,null],[0,null],[0,null]],[[1,null],[0,null],[0,null]],[15,null],[0,null],[0,null],[0,null],[0,null],[0,null],[[0,null],[0,null],[0,null],[0,null]],[[0,null],[0,null],[0,null],[0,null]],[[0,null],[0,null],[0,null],[0,null]],[],[],[],[],0]],[[0,"178","PICKING"],[0,"178","SELECTION"]],[["_MainTex",4,0,0,0,0,"white"],["_MetallicTex",4,0,0,0,0,"white"],["_Color",0,1,1,1,1,""],["_TerrainHolesTexture",4,0,0,0,0,"white"]],0,"20",0,0]},{"id":"268","assetBundleId":"-2","data":[["Hidden/TerrainEngine/Splatmap/Standard-BaseGen: Tags: \"NAME\"=\"_MainTex\" \"FORMAT\"=\"RGBA32\" \"SIZE\"=\"1\"\n","Hidden/TerrainEngine/Splatmap/Standard-BaseGen: Tags: \"NAME\"=\"_NormalMap\" \"FORMAT\"=\"A2R10G10B10\" \"SIZE\"=\"1\"\n","Hidden/TerrainEngine/Splatmap/Standard-BaseGen: Tags: \"NAME\"=\"_MetallicTex\" \"FORMAT\"=\"R8\" \"SIZE\"=\"1/4\"\n"],"Hidden/TerrainEngine/Splatmap/Standard-BaseGen","0000000000000000f000000000000000",[],[[0,0,"",0,0,[8,null],[0,null],[0,null],[[1,null],[0,"_DstBlend"],[0,null]],[[1,null],[0,"_DstBlend"],[0,null]],[15,null],[0,null],[0,null],[0,null],[255,null],[255,null],[[0,null],[0,null],[0,null],[8,null]],[[0,null],[0,null],[0,null],[8,null]],[[0,null],[0,null],[0,null],[8,null]],[["NAME","_MainTex"],["FORMAT","RGBA32"],["SIZE","1"]],[],[],[],0],[1,0,"",0,0,[8,null],[0,null],[0,null],[[1,null],[0,"_DstBlend"],[0,null]],[[1,null],[0,"_DstBlend"],[0,null]],[15,null],[0,null],[0,null],[0,null],[255,null],[255,null],[[0,null],[0,null],[0,null],[8,null]],[[0,null],[0,null],[0,null],[8,null]],[[0,null],[0,null],[0,null],[8,null]],[["NAME","_NormalMap"],["FORMAT","A2R10G10B10"],["SIZE","1"]],[],[],[],0],[2,0,"",0,0,[8,null],[0,null],[0,null],[[1,null],[0,"_DstBlend"],[0,null]],[[1,null],[0,"_DstBlend"],[0,null]],[15,null],[0,null],[0,null],[0,null],[255,null],[255,null],[[0,null],[0,null],[0,null],[8,null]],[[0,null],[0,null],[0,null],[8,null]],[[0,null],[0,null],[0,null],[8,null]],[["NAME","_MetallicTex"],["FORMAT","R8"],["SIZE","1/4"]],[],[],[],0]],[],[["_DstBlend",2,0,0,0,0,""]],null,null,0,0]},{"id":"246","assetBundleId":"-2","data":[["Hidden/Nature/Tree Creator Bark Optimized: Tags: \"LIGHTMODE\"=\"FORWARDADD\" \"IGNOREPROJECTOR\"=\"true\" \"RENDERTYPE\"=\"TreeBark\"\n","Hidden/Nature/Tree Creator Bark Optimized: Tags: \"LIGHTMODE\"=\"SHADOWCASTER\" \"IGNOREPROJECTOR\"=\"true\" \"SHADOWSUPPORT\"=\"true\" \"RENDERTYPE\"=\"TreeBark\"\n"],"Hidden/Nature/Tree Creator Bark Optimized","0000000000000000f000000000000000",["DIRECTIONAL","SHADOWS_SCREEN","LIGHTPROBE_SH","FOG_LINEAR","FOG_EXP","FOG_EXP2","VERTEXLIGHT_ON","SPOT","DIRECTIONAL_COOKIE","POINT","POINT_COOKIE","SHADOWS_DEPTH"],[[0,0,"FORWARD",4,0,[4,null],[1,null],[2,null],[[1,null],[0,null],[0,null]],[[1,null],[0,null],[0,null]],[15,null],[0,null],[0,null],[0,null],[255,null],[255,null],[[0,null],[0,null],[0,null],[8,null]],[[0,null],[0,null],[0,null],[8,null]],[[0,null],[0,null],[0,null],[8,null]],[["LIGHTMODE","FORWARDBASE"],["IGNOREPROJECTOR","true"],["SHADOWSUPPORT","true"],["RENDERTYPE","TreeBark"]],["DIRECTIONAL","SHADOWS_SCREEN","LIGHTMAP_SHADOW_MIXING","LIGHTPROBE_SH","FOG_LINEAR","FOG_EXP","FOG_EXP2","VERTEXLIGHT_ON","INSTANCING_ON","BILLBOARD_FACE_CAMERA_POS"],[[0,0,["DIRECTIONAL","LIGHTPROBE_SH"],4,5,0]],[],0],[1,0,"FORWARD",5,0,[4,null],[0,null],[2,null],[[1,null],[1,null],[0,null]],[[1,null],[1,null],[0,null]],[15,null],[0,null],[0,null],[0,null],[255,null],[255,null],[[0,null],[0,null],[0,null],[8,null]],[[0,null],[0,null],[0,null],[8,null]],[[0,null],[0,null],[0,null],[8,null]],[["LIGHTMODE","FORWARDADD"],["IGNOREPROJECTOR","true"],["RENDERTYPE","TreeBark"]],["SPOT","DIRECTIONAL","DIRECTIONAL_COOKIE","POINT","POINT_COOKIE","FOG_LINEAR","FOG_EXP","FOG_EXP2","BILLBOARD_FACE_CAMERA_POS"],[],[],0],[5,0,"ShadowCaster",8,0,[4,null],[1,null],[2,null],[[1,null],[0,null],[0,null]],[[1,null],[0,null],[0,null]],[15,null],[0,null],[0,null],[0,null],[255,null],[255,null],[[0,null],[0,null],[0,null],[8,null]],[[0,null],[0,null],[0,null],[8,null]],[[0,null],[0,null],[0,null],[8,null]],[["LIGHTMODE","SHADOWCASTER"],["IGNOREPROJECTOR","true"],["SHADOWSUPPORT","true"],["RENDERTYPE","TreeBark"]],["SHADOWS_DEPTH","SHADOWS_CUBE","INSTANCING_ON","BILLBOARD_FACE_CAMERA_POS"],[],[],0]],[],[["_Color",0,1,1,1,1,""],["_MainTex",4,0,0,0,0,"white"],["_BumpSpecMap",4,0,0,0,0,"bump"],["_TranslucencyMap",4,0,0,0,0,"white"],["_Cutoff",3,0.300000011920929,0,1,0,""],["_SpecColor",0,0.5,0.5,0.5,1,""],["_TreeInstanceColor",1,1,1,1,1,""],["_TreeInstanceScale",1,1,1,1,1,""],["_SquashAmount",2,1,0,0,0,""]],null,null,0,0]},{"id":"270","assetBundleId":"-2","data":[["Nature/Terrain/Standard: Tags: \"LIGHTMODE\"=\"FORWARDBASE\" \"QUEUE\"=\"Geometry-100\" \"SHADOWSUPPORT\"=\"true\" \"RENDERTYPE\"=\"Opaque\"\n","Nature/Terrain/Standard: Tags: \"LIGHTMODE\"=\"FORWARDADD\" \"QUEUE\"=\"Geometry-100\" \"SHADOWSUPPORT\"=\"true\" \"RENDERTYPE\"=\"Opaque\"\n","Nature/Terrain/Standard: Tags: \"LIGHTMODE\"=\"SHADOWCASTER\" \"QUEUE\"=\"Geometry-100\" \"SHADOWSUPPORT\"=\"true\" \"RENDERTYPE\"=\"Opaque\"\n"],"Nature/Terrain/Standard","0000000000000000f000000000000000",["DIRECTIONAL","SHADOWS_SCREEN","LIGHTMAP_ON","DIRLIGHTMAP_COMBINED","LIGHTPROBE_SH","FOG_LINEAR","FOG_EXP","FOG_EXP2","VERTEXLIGHT_ON","_NORMALMAP","_ALPHATEST_ON","SPOT","DIRECTIONAL_COOKIE","POINT","POINT_COOKIE","SHADOWS_DEPTH"],[[0,0,"FORWARD",4,0,[4,null],[1,null],[2,null],[[1,null],[0,null],[0,null]],[[1,null],[0,null],[0,null]],[15,null],[0,null],[0,null],[0,null],[255,null],[255,null],[[0,null],[0,null],[0,null],[8,null]],[[0,null],[0,null],[0,null],[8,null]],[[0,null],[0,null],[0,null],[8,null]],[["LIGHTMODE","FORWARDBASE"],["QUEUE","Geometry-100"],["SHADOWSUPPORT","true"],["RENDERTYPE","Opaque"]],["DIRECTIONAL","SHADOWS_SCREEN","LIGHTMAP_ON","DIRLIGHTMAP_COMBINED","DYNAMICLIGHTMAP_ON","LIGHTMAP_SHADOW_MIXING","SHADOWS_SHADOWMASK","LIGHTPROBE_SH","FOG_LINEAR","FOG_EXP","FOG_EXP2","VERTEXLIGHT_ON","INSTANCING_ON","_NORMALMAP","_ALPHATEST_ON"],[],[],0],[1,0,"FORWARD",5,0,[4,null],[0,null],[2,null],[[1,null],[1,null],[0,null]],[[1,null],[1,null],[0,null]],[15,null],[0,null],[0,null],[0,null],[255,null],[255,null],[[0,null],[0,null],[0,null],[8,null]],[[0,null],[0,null],[0,null],[8,null]],[[0,null],[0,null],[0,null],[8,null]],[["LIGHTMODE","FORWARDADD"],["QUEUE","Geometry-100"],["SHADOWSUPPORT","true"],["RENDERTYPE","Opaque"]],["SPOT","DIRECTIONAL","DIRECTIONAL_COOKIE","POINT","POINT_COOKIE","SHADOWS_DEPTH","SHADOWS_SCREEN","SHADOWS_CUBE","SHADOWS_SOFT","LIGHTMAP_SHADOW_MIXING","SHADOWS_SHADOWMASK","FOG_LINEAR","FOG_EXP","FOG_EXP2","INSTANCING_ON","_NORMALMAP","_ALPHATEST_ON"],[],[],0],[3,0,"ShadowCaster",8,0,[4,null],[1,null],[2,null],[[1,null],[0,null],[0,null]],[[1,null],[0,null],[0,null]],[15,null],[0,null],[0,null],[0,null],[255,null],[255,null],[[0,null],[0,null],[0,null],[8,null]],[[0,null],[0,null],[0,null],[8,null]],[[0,null],[0,null],[0,null],[8,null]],[["LIGHTMODE","SHADOWCASTER"],["QUEUE","Geometry-100"],["SHADOWSUPPORT","true"],["RENDERTYPE","Opaque"]],["SHADOWS_DEPTH","SHADOWS_CUBE","INSTANCING_ON","_NORMALMAP","_ALPHATEST_ON"],[],[],0],[4,0,"",0,1,[0,null],[0,null],[0,null],[[1,null],[0,null],[0,null]],[[1,null],[0,null],[0,null]],[15,null],[0,null],[0,null],[0,null],[0,null],[0,null],[[0,null],[0,null],[0,null],[0,null]],[[0,null],[0,null],[0,null],[0,null]],[[0,null],[0,null],[0,null],[0,null]],[],[],[],[],0],[5,0,"",0,1,[0,null],[0,null],[0,null],[[1,null],[0,null],[0,null]],[[1,null],[0,null],[0,null]],[15,null],[0,null],[0,null],[0,null],[0,null],[0,null],[[0,null],[0,null],[0,null],[0,null]],[[0,null],[0,null],[0,null],[0,null]],[[0,null],[0,null],[0,null],[0,null]],[],[],[],[],0]],[[0,"178","PICKING"],[0,"178","SELECTION"]],[["_MainTex",4,0,0,0,0,"white"],["_Color",0,1,1,1,1,""],["_TerrainHolesTexture",4,0,0,0,0,"white"]],0,"196",0,0]},{"id":"288","assetBundleId":"-2","data":[[],"Mobile/Particles/Additive","0000000000000000f000000000000000",["FOG_LINEAR","FOG_EXP","FOG_EXP2"],[[0,0,"",0,0,[4,null],[0,null],[0,null],[[5,null],[1,null],[0,null]],[[5,null],[1,null],[0,null]],[15,null],[0,null],[0,null],[0,null],[255,null],[255,null],[[0,null],[0,null],[0,null],[8,null]],[[0,null],[0,null],[0,null],[8,null]],[[0,null],[0,null],[0,null],[8,null]],[["QUEUE","Transparent"],["IGNOREPROJECTOR","true"],["RENDERTYPE","Transparent"],["PREVIEWTYPE","Plane"]],["FOG_LINEAR","FOG_EXP","FOG_EXP2"],[[0,0,[],6,7,0]],[],0]],[],[["_MainTex",4,0,0,0,0,"white"]],null,null,0,0]},{"id":"248","assetBundleId":"-2","data":[["Hidden/Nature/Tree Creator Leaves Optimized: Tags: \"LIGHTMODE\"=\"SHADOWCASTER\" \"IGNOREPROJECTOR\"=\"true\" \"SHADOWSUPPORT\"=\"true\" \"RENDERTYPE\"=\"TreeLeaf\"\n"],"Hidden/Nature/Tree Creator Leaves Optimized","0000000000000000f000000000000000",["DIRECTIONAL","SHADOWS_SCREEN","LIGHTPROBE_SH","FOG_LINEAR","FOG_EXP","FOG_EXP2","VERTEXLIGHT_ON","SHADOWS_DEPTH"],[[0,0,"FORWARD",4,0,[4,null],[1,null],[2,null],[[1,null],[0,null],[0,null]],[[1,null],[0,null],[0,null]],[14,null],[0,null],[0,null],[0,null],[255,null],[255,null],[[0,null],[0,null],[0,null],[8,null]],[[0,null],[0,null],[0,null],[8,null]],[[0,null],[0,null],[0,null],[8,null]],[["LIGHTMODE","FORWARDBASE"],["IGNOREPROJECTOR","true"],["SHADOWSUPPORT","true"],["RENDERTYPE","TreeLeaf"]],["DIRECTIONAL","SHADOWS_SCREEN","LIGHTMAP_SHADOW_MIXING","LIGHTPROBE_SH","FOG_LINEAR","FOG_EXP","FOG_EXP2","VERTEXLIGHT_ON","INSTANCING_ON","BILLBOARD_FACE_CAMERA_POS"],[[0,0,["DIRECTIONAL","LIGHTPROBE_SH"],8,9,0]],[],0],[1,0,"ShadowCaster",8,0,[4,null],[1,null],[2,null],[[1,null],[0,null],[0,null]],[[1,null],[0,null],[0,null]],[15,null],[0,null],[0,null],[0,null],[255,null],[255,null],[[0,null],[0,null],[0,null],[8,null]],[[0,null],[0,null],[0,null],[8,null]],[[0,null],[0,null],[0,null],[8,null]],[["LIGHTMODE","SHADOWCASTER"],["IGNOREPROJECTOR","true"],["SHADOWSUPPORT","true"],["RENDERTYPE","TreeLeaf"]],["SHADOWS_DEPTH","SHADOWS_CUBE"],[],[],0]],[],[["_Color",0,1,1,1,1,""],["_TranslucencyColor",0,0.730000019073486,0.850000023841858,0.409999996423721,1,""],["_Cutoff",3,0.300000011920929,0,1,0,""],["_TranslucencyViewDependency",3,0.699999988079071,0,1,0,""],["_ShadowStrength",3,0.800000011920929,0,1,0,""],["_ShadowOffsetScale",2,1,0,0,0,""],["_MainTex",4,0,0,0,0,"white"],["_ShadowTex",4,0,0,0,0,"white"],["_BumpSpecMap",4,0,0,0,0,"bump"],["_TranslucencyMap",4,0,0,0,0,"white"],["_TreeInstanceColor",1,1,1,1,1,""],["_TreeInstanceScale",1,1,1,1,1,""],["_SquashAmount",2,1,0,0,0,""]],null,null,0,0]},{"id":"296","assetBundleId":"-2","data":[["Unlit/Transparent: Tags: \"QUEUE\"=\"Transparent\" \"IGNOREPROJECTOR\"=\"true\" \"RENDERTYPE\"=\"Transparent\"\n"],"Unlit/Transparent","0000000000000000f000000000000000",["FOG_LINEAR","FOG_EXP","FOG_EXP2"],[[0,0,"",0,0,[4,null],[0,null],[2,null],[[5,null],[10,null],[0,null]],[[5,null],[10,null],[0,null]],[15,null],[0,null],[0,null],[0,null],[255,null],[255,null],[[0,null],[0,null],[0,null],[8,null]],[[0,null],[0,null],[0,null],[8,null]],[[0,null],[0,null],[0,null],[8,null]],[["QUEUE","Transparent"],["IGNOREPROJECTOR","true"],["RENDERTYPE","Transparent"]],["FOG_LINEAR","FOG_EXP","FOG_EXP2"],[],[],0]],[],[["_MainTex",4,0,0,0,0,"white"]],null,null,0,0]},{"id":"150","assetBundleId":"-2","data":[[],"Skybox/Procedural","0000000000000000f000000000000000",["_SUNDISK_NONE","_SUNDISK_SIMPLE","_SUNDISK_HIGH_QUALITY"],[[0,0,"",0,0,[4,null],[0,null],[0,null],[[1,null],[0,null],[0,null]],[[1,null],[0,null],[0,null]],[15,null],[0,null],[0,null],[0,null],[255,null],[255,null],[[0,null],[0,null],[0,null],[8,null]],[[0,null],[0,null],[0,null],[8,null]],[[0,null],[0,null],[0,null],[8,null]],[["QUEUE","Background"],["RENDERTYPE","Background"],["PREVIEWTYPE","Skybox"]],["_SUNDISK_NONE","_SUNDISK_SIMPLE","_SUNDISK_HIGH_QUALITY"],[[0,0,["_SUNDISK_SIMPLE"],10,11,0]],[],0]],[],[["_SunDisk",2,2,0,0,0,""],["_SunSize",3,0.0399999991059303,0,1,0,""],["_SunSizeConvergence",3,5,1,10,0,""],["_AtmosphereThickness",3,1,0,5,0,""],["_SkyTint",0,0.5,0.5,0.5,1,""],["_GroundColor",0,0.368999987840652,0.349000006914139,0.340999990701675,1,""],["_Exposure",3,1.29999995231628,0,8,0,""]],null,null,0,0]},{"id":"290","assetBundleId":"-2","data":[[],"Mobile/Particles/Alpha Blended","0000000000000000f000000000000000",["FOG_LINEAR","FOG_EXP","FOG_EXP2"],[[0,0,"",0,0,[4,null],[0,null],[0,null],[[5,null],[10,null],[0,null]],[[5,null],[10,null],[0,null]],[15,null],[0,null],[0,null],[0,null],[255,null],[255,null],[[0,null],[0,null],[0,null],[8,null]],[[0,null],[0,null],[0,null],[8,null]],[[0,null],[0,null],[0,null],[8,null]],[["QUEUE","Transparent"],["IGNOREPROJECTOR","true"],["RENDERTYPE","Transparent"],["PREVIEWTYPE","Plane"]],["FOG_LINEAR","FOG_EXP","FOG_EXP2"],[[0,0,[],6,7,0]],[],0]],[],[["_MainTex",4,0,0,0,0,"white"]],null,null,0,0]},{"id":"62","assetBundleId":"-2","data":[["Standard (Specular setup): Tags: \"LIGHTMODE\"=\"FORWARDBASE\" \"SHADOWSUPPORT\"=\"true\" \"RENDERTYPE\"=\"Opaque\" \"PERFORMANCECHECKS\"=\"False\"\n","Standard (Specular setup): Tags: \"LIGHTMODE\"=\"FORWARDADD\" \"SHADOWSUPPORT\"=\"true\" \"RENDERTYPE\"=\"Opaque\" \"PERFORMANCECHECKS\"=\"False\"\n","Standard (Specular setup): Tags: \"LIGHTMODE\"=\"SHADOWCASTER\" \"SHADOWSUPPORT\"=\"true\" \"RENDERTYPE\"=\"Opaque\" \"PERFORMANCECHECKS\"=\"False\"\n"],"Standard (Specular setup)","0000000000000000f000000000000000",["DIRECTIONAL","SHADOWS_SCREEN","LIGHTMAP_ON","DIRLIGHTMAP_COMBINED","LIGHTPROBE_SH","FOG_LINEAR","FOG_EXP","FOG_EXP2","_EMISSION","VERTEXLIGHT_ON","_NORMALMAP","_ALPHATEST_ON","_ALPHABLEND_ON","_ALPHAPREMULTIPLY_ON","_SPECGLOSSMAP","_PARALLAXMAP","_DETAIL_MULX2","_SMOOTHNESS_TEXTURE_ALBEDO_CHANNEL_A","_SPECULARHIGHLIGHTS_OFF","_GLOSSYREFLECTIONS_OFF","SPOT","DIRECTIONAL_COOKIE","POINT","POINT_COOKIE","SHADOWS_DEPTH"],[[0,0,"FORWARD",4,0,[4,null],[0,"_ZWrite"],[2,null],[[0,"_SrcBlend"],[0,"_DstBlend"],[0,null]],[[0,"_SrcBlend"],[0,"_DstBlend"],[0,null]],[15,null],[0,null],[0,null],[0,null],[255,null],[255,null],[[0,null],[0,null],[0,null],[8,null]],[[0,null],[0,null],[0,null],[8,null]],[[0,null],[0,null],[0,null],[8,null]],[["LIGHTMODE","FORWARDBASE"],["SHADOWSUPPORT","true"],["RENDERTYPE","Opaque"],["PERFORMANCECHECKS","False"]],["DIRECTIONAL","SHADOWS_SCREEN","LIGHTMAP_ON","DIRLIGHTMAP_COMBINED","DYNAMICLIGHTMAP_ON","LIGHTMAP_SHADOW_MIXING","SHADOWS_SHADOWMASK","LIGHTPROBE_SH","FOG_LINEAR","FOG_EXP","FOG_EXP2","_EMISSION","VERTEXLIGHT_ON","INSTANCING_ON","_NORMALMAP","_ALPHATEST_ON","_ALPHABLEND_ON","_ALPHAPREMULTIPLY_ON","_SPECGLOSSMAP","_PARALLAXMAP","_DETAIL_MULX2","_SMOOTHNESS_TEXTURE_ALBEDO_CHANNEL_A","_SPECULARHIGHLIGHTS_OFF","_GLOSSYREFLECTIONS_OFF"],[],[],0],[1,0,"FORWARD_DELTA",5,0,[4,null],[0,null],[2,null],[[0,"_SrcBlend"],[1,null],[0,null]],[[0,"_SrcBlend"],[1,null],[0,null]],[15,null],[0,null],[0,null],[0,null],[255,null],[255,null],[[0,null],[0,null],[0,null],[8,null]],[[0,null],[0,null],[0,null],[8,null]],[[0,null],[0,null],[0,null],[8,null]],[["LIGHTMODE","FORWARDADD"],["SHADOWSUPPORT","true"],["RENDERTYPE","Opaque"],["PERFORMANCECHECKS","False"]],["SPOT","DIRECTIONAL","DIRECTIONAL_COOKIE","POINT","POINT_COOKIE","SHADOWS_DEPTH","SHADOWS_SCREEN","SHADOWS_CUBE","SHADOWS_SOFT","LIGHTMAP_SHADOW_MIXING","SHADOWS_SHADOWMASK","FOG_LINEAR","FOG_EXP","FOG_EXP2","_NORMALMAP","_ALPHATEST_ON","_ALPHABLEND_ON","_ALPHAPREMULTIPLY_ON","_SPECGLOSSMAP","_PARALLAXMAP","_SMOOTHNESS_TEXTURE_ALBEDO_CHANNEL_A","_SPECULARHIGHLIGHTS_OFF","_DETAIL_MULX2"],[],[],0],[2,0,"ShadowCaster",8,0,[4,null],[1,null],[2,null],[[1,null],[0,null],[0,null]],[[1,null],[0,null],[0,null]],[15,null],[0,null],[0,null],[0,null],[255,null],[255,null],[[0,null],[0,null],[0,null],[8,null]],[[0,null],[0,null],[0,null],[8,null]],[[0,null],[0,null],[0,null],[8,null]],[["LIGHTMODE","SHADOWCASTER"],["SHADOWSUPPORT","true"],["RENDERTYPE","Opaque"],["PERFORMANCECHECKS","False"]],["SHADOWS_DEPTH","SHADOWS_CUBE","INSTANCING_ON","_ALPHATEST_ON","_ALPHABLEND_ON","_ALPHAPREMULTIPLY_ON","_SPECGLOSSMAP","_PARALLAXMAP","_SMOOTHNESS_TEXTURE_ALBEDO_CHANNEL_A"],[],[],0]],[],[["_Color",0,1,1,1,1,""],["_MainTex",4,0,0,0,0,"white"],["_Cutoff",3,0.5,0,1,0,""],["_Glossiness",3,0.5,0,1,0,""],["_GlossMapScale",3,1,0,1,0,""],["_SmoothnessTextureChannel",2,0,0,0,0,""],["_SpecColor",0,0.200000002980232,0.200000002980232,0.200000002980232,1,""],["_SpecGlossMap",4,0,0,0,0,"white"],["_SpecularHighlights",2,1,0,0,0,""],["_GlossyReflections",2,1,0,0,0,""],["_BumpScale",2,1,0,0,0,""],["_BumpMap",4,0,0,0,0,"bump"],["_Parallax",3,0.0199999995529652,0.00499999988824129,0.0799999982118607,0,""],["_ParallaxMap",4,0,0,0,0,"black"],["_OcclusionStrength",3,1,0,1,0,""],["_OcclusionMap",4,0,0,0,0,"white"],["_EmissionColor",0,0,0,0,1,""],["_EmissionMap",4,0,0,0,0,"white"],["_DetailMask",4,0,0,0,0,"white"],["_DetailAlbedoMap",4,0,0,0,0,"grey"],["_DetailNormalMapScale",2,1,0,0,0,""],["_DetailNormalMap",4,0,0,0,0,"bump"],["_UVSec",2,0,0,0,0,""],["_Mode",2,0,0,0,0,""],["_SrcBlend",2,1,0,0,0,""],["_DstBlend",2,0,0,0,0,""],["_ZWrite",2,1,0,0,0,""]],0,"68",0,0]},{"id":"8","assetBundleId":"-2","data":[["Hidden/Internal-ScreenSpaceShadows: Tags: \"SHADOWMAPFILTER\"=\"HardShadow\"\n","Hidden/Internal-ScreenSpaceShadows: Tags: \"SHADOWMAPFILTER\"=\"PCF_SOFT\"\n","Hidden/Internal-ScreenSpaceShadows: Tags: \"SHADOWMAPFILTER\"=\"HardShadow\"\n"],"Hidden/Internal-ScreenSpaceShadows","0000000000000000f000000000000000",["SHADOWS_SPLIT_SPHERES","SHADOWS_SINGLE_CASCADE"],[[0,0,"",0,0,[8,null],[0,null],[0,null],[[1,null],[0,null],[0,null]],[[1,null],[0,null],[0,null]],[15,null],[0,null],[0,null],[0,null],[255,null],[255,null],[[0,null],[0,null],[0,null],[8,null]],[[0,null],[0,null],[0,null],[8,null]],[[0,null],[0,null],[0,null],[8,null]],[["SHADOWMAPFILTER","HardShadow"]],["SHADOWS_SPLIT_SPHERES","SHADOWS_SINGLE_CASCADE"],[],[],1],[0,2,"",0,0,[8,null],[0,null],[0,null],[[1,null],[0,null],[0,null]],[[1,null],[0,null],[0,null]],[15,null],[0,null],[0,null],[0,null],[255,null],[255,null],[[0,null],[0,null],[0,null],[8,null]],[[0,null],[0,null],[0,null],[8,null]],[[0,null],[0,null],[0,null],[8,null]],[["SHADOWMAPFILTER","PCF_SOFT"]],["SHADOWS_SPLIT_SPHERES","SHADOWS_SINGLE_CASCADE"],[],[],1],[0,0,"",0,0,[8,null],[0,null],[0,null],[[1,null],[0,null],[0,null]],[[1,null],[0,null],[0,null]],[15,null],[0,null],[0,null],[0,null],[255,null],[255,null],[[0,null],[0,null],[0,null],[8,null]],[[0,null],[0,null],[0,null],[8,null]],[[0,null],[0,null],[0,null],[8,null]],[["SHADOWMAPFILTER","HardShadow"]],["SHADOWS_SPLIT_SPHERES","SHADOWS_SINGLE_CASCADE"],[],[],1]],[],[["_ShadowMapTexture",4,0,0,0,0,""],["_ODSWorldTexture",4,0,0,0,0,""]],null,null,1,0]},{"id":"30","assetBundleId":"-2","data":[[],"UI/Default","0000000000000000f000000000000000",["UNITY_UI_CLIP_RECT","UNITY_UI_ALPHACLIP"],[[0,0,"Default",0,0,[0,"unity_GUIZTestMode"],[0,null],[0,null],[[1,null],[10,null],[0,null]],[[1,null],[10,null],[0,null]],[0,"_ColorMask"],[0,null],[0,null],[0,"_Stencil"],[0,"_StencilReadMask"],[0,"_StencilWriteMask"],[[0,"_StencilOp"],[0,null],[0,null],[0,"_StencilComp"]],[[0,null],[0,null],[0,null],[8,null]],[[0,null],[0,null],[0,null],[8,null]],[["QUEUE","Transparent"],["IGNOREPROJECTOR","true"],["RENDERTYPE","Transparent"],["CANUSESPRITEATLAS","true"],["PREVIEWTYPE","Plane"]],["UNITY_UI_CLIP_RECT","UNITY_UI_ALPHACLIP"],[[0,0,[],12,13,0],[0,0,["UNITY_UI_ALPHACLIP"],12,14,0]],[],0]],[],[["_MainTex",4,0,0,0,0,"white"],["_Color",0,1,1,1,1,""],["_StencilComp",2,8,0,0,0,""],["_Stencil",2,0,0,0,0,""],["_StencilOp",2,0,0,0,0,""],["_StencilWriteMask",2,255,0,0,0,""],["_StencilReadMask",2,255,0,0,0,""],["_ColorMask",2,15,0,0,0,""],["_UseUIAlphaClip",2,0,0,0,0,""]],null,null,0,0]},{"id":"64","assetBundleId":"-2","data":[["Standard: Tags: \"LIGHTMODE\"=\"FORWARDADD\" \"SHADOWSUPPORT\"=\"true\" \"RENDERTYPE\"=\"Opaque\" \"PERFORMANCECHECKS\"=\"False\"\n","Standard: Tags: \"LIGHTMODE\"=\"SHADOWCASTER\" \"SHADOWSUPPORT\"=\"true\" \"RENDERTYPE\"=\"Opaque\" \"PERFORMANCECHECKS\"=\"False\"\n"],"Standard","0000000000000000f000000000000000",["DIRECTIONAL","SHADOWS_SCREEN","LIGHTMAP_ON","DIRLIGHTMAP_COMBINED","LIGHTPROBE_SH","FOG_LINEAR","FOG_EXP","FOG_EXP2","_EMISSION","VERTEXLIGHT_ON","_NORMALMAP","_ALPHATEST_ON","_ALPHABLEND_ON","_ALPHAPREMULTIPLY_ON","_METALLICGLOSSMAP","_PARALLAXMAP","_DETAIL_MULX2","_SMOOTHNESS_TEXTURE_ALBEDO_CHANNEL_A","_SPECULARHIGHLIGHTS_OFF","_GLOSSYREFLECTIONS_OFF","SPOT","DIRECTIONAL_COOKIE","POINT","POINT_COOKIE","SHADOWS_DEPTH"],[[0,0,"FORWARD",4,0,[4,null],[0,"_ZWrite"],[2,null],[[0,"_SrcBlend"],[0,"_DstBlend"],[0,null]],[[0,"_SrcBlend"],[0,"_DstBlend"],[0,null]],[15,null],[0,null],[0,null],[0,null],[255,null],[255,null],[[0,null],[0,null],[0,null],[8,null]],[[0,null],[0,null],[0,null],[8,null]],[[0,null],[0,null],[0,null],[8,null]],[["LIGHTMODE","FORWARDBASE"],["SHADOWSUPPORT","true"],["RENDERTYPE","Opaque"],["PERFORMANCECHECKS","False"]],["DIRECTIONAL","SHADOWS_SCREEN","LIGHTMAP_ON","DIRLIGHTMAP_COMBINED","DYNAMICLIGHTMAP_ON","LIGHTMAP_SHADOW_MIXING","SHADOWS_SHADOWMASK","LIGHTPROBE_SH","FOG_LINEAR","FOG_EXP","FOG_EXP2","_EMISSION","VERTEXLIGHT_ON","INSTANCING_ON","_NORMALMAP","_ALPHATEST_ON","_ALPHABLEND_ON","_ALPHAPREMULTIPLY_ON","_METALLICGLOSSMAP","_PARALLAXMAP","_DETAIL_MULX2","_SMOOTHNESS_TEXTURE_ALBEDO_CHANNEL_A","_SPECULARHIGHLIGHTS_OFF","_GLOSSYREFLECTIONS_OFF"],[[0,0,["DIRECTIONAL"],20,21,0],[0,0,["DIRECTIONAL","LIGHTPROBE_SH"],22,23,0],[0,0,["DIRECTIONAL","LIGHTPROBE_SH","_METALLICGLOSSMAP","_NORMALMAP"],24,25,0],[0,0,["DIRECTIONAL","LIGHTPROBE_SH","_DETAIL_MULX2","_SMOOTHNESS_TEXTURE_ALBEDO_CHANNEL_A"],22,26,0],[0,0,["DIRECTIONAL","LIGHTPROBE_SH","_ALPHATEST_ON","_METALLICGLOSSMAP","_NORMALMAP"],24,27,0]],[],0],[1,0,"FORWARD_DELTA",5,0,[4,null],[0,null],[2,null],[[0,"_SrcBlend"],[1,null],[0,null]],[[0,"_SrcBlend"],[1,null],[0,null]],[15,null],[0,null],[0,null],[0,null],[255,null],[255,null],[[0,null],[0,null],[0,null],[8,null]],[[0,null],[0,null],[0,null],[8,null]],[[0,null],[0,null],[0,null],[8,null]],[["LIGHTMODE","FORWARDADD"],["SHADOWSUPPORT","true"],["RENDERTYPE","Opaque"],["PERFORMANCECHECKS","False"]],["SPOT","DIRECTIONAL","DIRECTIONAL_COOKIE","POINT","POINT_COOKIE","SHADOWS_DEPTH","SHADOWS_SCREEN","SHADOWS_CUBE","SHADOWS_SOFT","LIGHTMAP_SHADOW_MIXING","SHADOWS_SHADOWMASK","FOG_LINEAR","FOG_EXP","FOG_EXP2","_NORMALMAP","_ALPHATEST_ON","_ALPHABLEND_ON","_ALPHAPREMULTIPLY_ON","_METALLICGLOSSMAP","_PARALLAXMAP","_SMOOTHNESS_TEXTURE_ALBEDO_CHANNEL_A","_SPECULARHIGHLIGHTS_OFF","_DETAIL_MULX2"],[],[],0],[2,0,"ShadowCaster",8,0,[4,null],[1,null],[2,null],[[1,null],[0,null],[0,null]],[[1,null],[0,null],[0,null]],[15,null],[0,null],[0,null],[0,null],[255,null],[255,null],[[0,null],[0,null],[0,null],[8,null]],[[0,null],[0,null],[0,null],[8,null]],[[0,null],[0,null],[0,null],[8,null]],[["LIGHTMODE","SHADOWCASTER"],["SHADOWSUPPORT","true"],["RENDERTYPE","Opaque"],["PERFORMANCECHECKS","False"]],["SHADOWS_DEPTH","SHADOWS_CUBE","INSTANCING_ON","_ALPHATEST_ON","_ALPHABLEND_ON","_ALPHAPREMULTIPLY_ON","_METALLICGLOSSMAP","_PARALLAXMAP","_SMOOTHNESS_TEXTURE_ALBEDO_CHANNEL_A"],[],[],0]],[],[["_Color",0,1,1,1,1,""],["_MainTex",4,0,0,0,0,"white"],["_Cutoff",3,0.5,0,1,0,""],["_Glossiness",3,0.5,0,1,0,""],["_GlossMapScale",3,1,0,1,0,""],["_SmoothnessTextureChannel",2,0,0,0,0,""],["_Metallic",3,0,0,1,0,""],["_MetallicGlossMap",4,0,0,0,0,"white"],["_SpecularHighlights",2,1,0,0,0,""],["_GlossyReflections",2,1,0,0,0,""],["_BumpScale",2,1,0,0,0,""],["_BumpMap",4,0,0,0,0,"bump"],["_Parallax",3,0.0199999995529652,0.00499999988824129,0.0799999982118607,0,""],["_ParallaxMap",4,0,0,0,0,"black"],["_OcclusionStrength",3,1,0,1,0,""],["_OcclusionMap",4,0,0,0,0,"white"],["_EmissionColor",0,0,0,0,1,""],["_EmissionMap",4,0,0,0,0,"white"],["_DetailMask",4,0,0,0,0,"white"],["_DetailAlbedoMap",4,0,0,0,0,"grey"],["_DetailNormalMapScale",2,1,0,0,0,""],["_DetailNormalMap",4,0,0,0,0,"bump"],["_UVSec",2,0,0,0,0,""],["_Mode",2,0,0,0,0,""],["_SrcBlend",2,1,0,0,0,""],["_DstBlend",2,0,0,0,0,""],["_ZWrite",2,1,0,0,0,""]],0,"68",0,0]},{"id":"68","assetBundleId":"-2","data":[["Legacy Shaders/VertexLit: Tags: \"LIGHTMODE\"=\"Vertex\" \"RENDERTYPE\"=\"Opaque\"\n","Legacy Shaders/VertexLit: Tags: \"LIGHTMODE\"=\"VertexLM\" \"RENDERTYPE\"=\"Opaque\"\n","Legacy Shaders/VertexLit: Tags: \"LIGHTMODE\"=\"SHADOWCASTER\" \"SHADOWSUPPORT\"=\"true\" \"RENDERTYPE\"=\"Opaque\"\n"],"Legacy Shaders/VertexLit","0000000000000000f000000000000000",["SPOT","POINT","FOG_LINEAR","FOG_EXP","FOG_EXP2","SHADOWS_DEPTH"],[[0,0,"",1,0,[4,null],[1,null],[2,null],[[1,null],[0,null],[0,null]],[[1,null],[0,null],[0,null]],[15,null],[0,null],[0,null],[0,null],[255,null],[255,null],[[0,null],[0,null],[0,null],[8,null]],[[0,null],[0,null],[0,null],[8,null]],[[0,null],[0,null],[0,null],[8,null]],[["LIGHTMODE","Vertex"],["RENDERTYPE","Opaque"]],["SPOT","POINT","FOG_LINEAR","FOG_EXP","FOG_EXP2"],[],[],0],[1,0,"",2,0,[4,null],[1,null],[2,null],[[1,null],[0,null],[0,null]],[[1,null],[0,null],[0,null]],[15,null],[0,null],[0,null],[0,null],[255,null],[255,null],[[0,null],[0,null],[0,null],[8,null]],[[0,null],[0,null],[0,null],[8,null]],[[0,null],[0,null],[0,null],[8,null]],[["LIGHTMODE","VertexLM"],["RENDERTYPE","Opaque"]],["FOG_LINEAR","FOG_EXP","FOG_EXP2"],[],[],0],[2,0,"ShadowCaster",8,0,[4,null],[1,null],[2,null],[[1,null],[0,null],[0,null]],[[1,null],[0,null],[0,null]],[15,null],[0,null],[0,null],[0,null],[255,null],[255,null],[[0,null],[0,null],[0,null],[8,null]],[[0,null],[0,null],[0,null],[8,null]],[[0,null],[0,null],[0,null],[8,null]],[["LIGHTMODE","SHADOWCASTER"],["SHADOWSUPPORT","true"],["RENDERTYPE","Opaque"]],["SHADOWS_DEPTH","SHADOWS_CUBE","INSTANCING_ON"],[],[],0]],[],[["_Color",0,1,1,1,1,""],["_SpecColor",0,1,1,1,1,""],["_Emission",0,0,0,0,0,""],["_Shininess",3,0.699999988079071,0.00999999977648258,1,0,""],["_MainTex",4,0,0,0,0,"white"]],null,null,0,0]}],"textures":[{"id":"980","type":0,"path":"Resources/unity_builtin_extra\\Knob","assetBundleId":"-2","data":["Knob",64,64,7,16,1,0,4,1,1,1],"ext":".webp"}],"cubemaps":[{"id":"23426","type":2,"path":"Assets/Sources/Scenes/SampleScene.unity/PrefilteredEnvironment.exr","assetBundleId":"-2","data":["","-13694",8,0,128,0,2,1,[0,0,0.25,0.5,0,0.5,0.25,1,0.25,0,0.5,0.5,0.25,0.5,0.5,1,0.5,0,0.75,0.5,0.75,0,1,0.5,0.5,0.5,0.625,0.75,0.5,0.75,0.625,1,0.625,0.5,0.75,0.75,0.625,0.75,0.75,1,0.75,0.5,0.875,0.75,0.875,0.5,1,0.75,0.75,0.75,0.8125,0.875,0.75,0.875,0.8125,1,0.8125,0.75,0.875,0.875,0.8125,0.875,0.875,1,0.875,0.75,0.9375,0.875,0.9375,0.75,1,0.875,0.875,0.875,0.90625,0.9375,0.875,0.9375,0.90625,1,0.90625,0.875,0.9375,0.9375,0.90625,0.9375,0.9375,1,0.9375,0.875,0.96875,0.9375,0.96875,0.875,1,0.9375,0.9375,0.9375,0.953125,0.96875,0.9375,0.96875,0.953125,1,0.953125,0.9375,0.96875,0.96875,0.953125,0.96875,0.96875,1,0.96875,0.9375,0.984375,0.96875,0.984375,0.9375,1,0.96875,0.96875,0.96875,0.9765625,0.984375,0.96875,0.984375,0.9765625,1,0.9765625,0.96875,0.984375,0.984375,0.9765625,0.984375,0.984375,1,0.984375,0.96875,0.9921875,0.984375,0.9921875,0.96875,1,0.984375,0.984375,0.984375,0.98828125,0.9921875,0.984375,0.9921875,0.98828125,1,0.98828125,0.984375,0.9921875,0.9921875,0.98828125,0.9921875,0.9921875,1,0.9921875,0.984375,0.99609375,0.9921875,0.99609375,0.984375,1,0.9921875,0.9921875,0.9921875,0.994140625,0.99609375,0.9921875,0.99609375,0.994140625,1,0.994140625,0.9921875,0.99609375,0.99609375,0.994140625,0.99609375,0.99609375,1,0.99609375,0.9921875,0.998046875,0.99609375,0.998046875,0.9921875,1,0.99609375]]}],"resources":[{"id":"resources","assetBundleId":"-2","data":[[["unity_builtin_extra",0,"8"],["unity_builtin_extra",0,"30"],["unity_builtin_extra",0,"64"],["unity_builtin_extra",4,"950"],["unity_builtin_extra",0,"288"],["unity_builtin_extra",5,"980"],["unity_builtin_extra",0,"290"],["unity_builtin_extra",0,"160"],["unity_builtin_extra",0,"62"],["unity_builtin_extra",0,"20"],["unity_builtin_extra",0,"270"],["unity_builtin_extra",4,"940"],["unity_builtin_extra",0,"246"],["unity_builtin_extra",0,"248"],["unity_builtin_extra",0,"150"],["unity_builtin_extra",4,"952"],["fonts & materials/liberationsans sdf",5,"34370"],["fonts & materials/liberationsans sdf",4,"34366"],["fonts & materials/liberationsans sdf - fallback",5,"34384"],["fonts & materials/liberationsans sdf - fallback",4,"34382"],["fonts & materials/liberationsans sdf - fallback",44,"34372"],["fonts & materials/liberationsans sdf",44,"34356"],["sprite assets/emojione",4,"34374"],["sprite assets/emojione",50,"34358"],["style sheets/default style sheet",51,"34360"],["linebreaking leading characters",52,"34362"],["linebreaking following characters",52,"34364"],["tmp settings",49,"34354"],["fonts & materials/liberationsans sdf - drop shadow",4,"34402"],["fonts & materials/liberationsans sdf - outline",4,"34404"]],[]]}],"project-settings":[{"id":"-1","assetBundleId":"-2","data":[[["CinemachineBrain",100],["EventSystem",-1000],["TextMeshProUGUI",-100],["ToggleGroup",10],["TextContainer",-110],["CinemachinePixelPerfect",-1],["TextMeshPro",-105],["CinemachineIndependentImpulseListener",200]],[[0,"Default",0]],[[0,"Default"],[1,"TransparentFX"],[2,"Ignore Raycast"],[4,"Water"],[5,"UI"]],[0.0199999995529652,0.333333343267441,1,0.0299999993294477],[0,-9.8100004196167,0,6,2,0,1,[[0,0,0],[0,0,1],[0,0,2],[0,0,4],[0,0,5],[0,1,0],[0,1,1],[0,1,2],[0,1,4],[0,1,5],[0,2,0],[0,2,1],[0,2,2],[0,2,4],[0,2,5],[0,4,0],[0,4,1],[0,4,2],[0,4,4],[0,4,5],[0,5,0],[0,5,1],[0,5,2],[0,5,4],[0,5,5]]],[null,null,0,-9.8100004196167,3,8,1,0.200000002980232,8,0,0,0.5,0.00999999977648258,2,0.00999999977648258,1,1,1,1,1,0,[[0,0,0],[0,0,1],[0,0,2],[0,0,4],[0,0,5],[0,1,0],[0,1,1],[0,1,2],[0,1,4],[0,1,5],[0,2,0],[0,2,1],[0,2,2],[0,2,4],[0,2,5],[0,4,0],[0,4,1],[0,4,2],[0,4,4],[0,4,5],[0,5,0],[0,5,1],[0,5,2],[0,5,4],[0,5,5]]],[[[[],["Very Low","Low","Medium","High","Very High","Ultra"],0,0,0,0.300000011920929,1,15,0,1,0,0,0,0,0,1,2,4,0,0,0.333333343267441,0.0666666701436043,0.200000002980232,0.466666668653488,0,0,16,2,0,3,512,0,1,2,512,1,1024,0],[[],["Very Low","Low","Medium","High","Very High","Ultra"],0,0,0,0.400000005960464,1,20,0,1,0,0,0,0,0,0,2,16,0,0,0.333333343267441,0.0666666701436043,0.200000002980232,0.466666668653488,0,0,16,2,0,3,512,0,1,2,512,1,1024,1],[[],["Very Low","Low","Medium","High","Very High","Ultra"],1,1,0,0.699999988079071,1,20,0,1,0,0,0,0,0,0,2,64,1,0,0.333333343267441,0.0666666701436043,0.200000002980232,0.466666668653488,0,1,16,2,0,3,512,0,1,2,512,1,1024,2],[[],["Very Low","Low","Medium","High","Very High","Ultra"],2,1,0,1,2,40,1,1,1,0,1,0,0,0,2,256,2,1,0.333333343267441,0.0666666701436043,0.200000002980232,0.466666668653488,0,1,16,2,1,3,512,0,1,2,512,1,1024,3],[[],["Very Low","Low","Medium","High","Very High","Ultra"],2,2,2,1.5,2,70,1,1,2,1,1,0,0,0,2,1024,3,1,0.333333343267441,0.0666666701436043,0.200000002980232,0.466666668653488,0,1,16,2,1,3,512,0,1,2,512,1,1024,4],[[],["Very Low","Low","Medium","High","Very High","Ultra"],2,2,2,2,4,150,1,1,2,1,1,0,0,0,2,4096,4,1,0.333333343267441,0.0666666701436043,0.200000002980232,0.466666668653488,0,1,16,2,1,3,512,0,1,2,512,1,1024,5]],["Very Low","Low","Medium","High","Very High","Ultra"],2,2,2,2,4,150,1,1,2,1,1,0,0,0,2,4096,4,1,0.333333343267441,0.0666666701436043,0.200000002980232,0.466666668653488,0,1,16,2,1,3,512,0,1,2,512,1,1024,5],0,1,0,2,0]}]}